club_id,club_name,club_short_name,country,state,city
1496,InclusivHEMA,-,-,-,-
97,Meyer Freifechter Guild,-,-,-,-
104,Schola St. George,-,-,-,-
301,School of European Swordsmanship,-,-,-,-
851,Suomen Historiallisen Miekkailun Seura,-,-,-,-
619,Society for Creative Anachronism,SCA,-,-,-
78,Company of Saint Jude,-,-,-,-
1137,Society of American Military Swordsmanship,-,-,-,-
1136,Society of American Military Swordsmanship Kabul,-,-,-,-
1533,SwordFight,-,-,-,-
1406,Zwerch von Links,-,-,-,-
1521,Vardan,-,-,-,-
1205,Circulo de Esgrima Histórica Cruz del Sur,-,-,-,-
1206,Kriegwolfe,-,-,-,-
1210,Sala de Armas Tercio de Ultramar,-,-,-,-
1202,Scolari Cordoba,-,-,-,-
1203,Scolari Rafaela,-,-,-,-
980,Cor et Chalybs,-,-,-,-
1352,Dao Schule Tirol,-,-,-,-
552,Dreynschlag,-,-,-,-
1240,Equinox,-,-,-,-
541,Fior della Spada,-,-,-,-
561,Freyfechter Wien,-,-,-,-
231,Historisches Fechten Baden,-,-,-,-
550,Historisches Fechten St. Pölten,-,-,-,-
551,Historisches Fechten Waldviertel Nord,-,-,-,-
852,INDES,-,-,-,-
1275,INDES Feldbach,-,-,-,-
1456,INDES Feldkirchen - Himmelberg,-,-,-,-
563,INDES Graz,-,-,-,-
1346,INDES Klagenfurt,-,-,-,-
553,INDES Korneuburg,-,-,-,-
564,INDES Linz,-,-,-,-
1089,INDES Regensburg,-,-,-,-
268,INDES Salzburg,-,-,-,-
560,INDES Wien,-,-,-,-
543,Klingenspiel,-,-,-,-
1199,Kunst des Historischen Fechtens Tirol,KdhF_Tirol,-,-,-
687,PSV-Graz,-,-,-,-
1348,Sprezzatura,-,-,-,-
805,Union Fechtverein Die Lange Schneyd,-,-,-,-
1347,Verein für gerüsteten Vollkontaktkampf Wien,VGVK-Wien,-,-,-
562,Wiener Fecht- und Ausdauersportrunde,WFA,-,-,-
542,Wölfe des Pfalzgrafen,-,-,-,-
328,Adelaide Sword Academy,-,-,-,-
503,Australis Scherma Scuola di Spada e Sciabola,-,-,-,-
1349,Ballarat HEMA Academy,-,-,-,-
1195,Ballarat Medieval Combat,-,-,-,-
1374,Barwon Academy of Arms,-,-,-,-
595,Big Tree Combat Academy,-,-,-,-
327,Brisbane School of Iberian Swordsmanship,-,-,-,-
324,Brisbane Swords,-,-,-,-
1102,Cairns European Sword Academy,CESA,-,-,-
330,Collegium in Armis,-,-,-,-
196,Fechtschule Victoria,-,-,-,-
806,Fitzroy College of Arms,-,-,-,-
1301,Flinders Fencing Club,FFC,-,-,-
1468,Gemeiner Savate Academy,-,-,-,-
145,Glen Lachlann Estate College of Arms,GLECA,-,-,-
573,Historical European Fighting Tasmania,HEFT,-,-,-
596,Historical European Rapier Academy,-,-,-,-
329,Historical School of Defence Toowoomba,-,-,-,-
332,House Darksun,-,-,-,-
1174,Invicta Fencing Academy,-,-,-,-
444,Ironclad Academy Of The Sword,-,-,-,-
1175,KDF Australia,-,-,-,-
1401,Knights of the Free Company,-,-,-,-
331,Leongatha Medieval Society,-,-,-,-
885,Melbourne Fencing Society,-,-,-,-
496,Melbourne Messer Club,-,-,-,-
1478,Melbourne Swordplay Guild,-,-,-,-
51,New England Medieval Arts Society,NEMAS,-,-,-
932,Northside Smallsword Group,-,-,-,-
494,Prima Spada School of Fence,-,-,-,-
591,Scholar Victoria,-,-,-,-
333,School of Historical Defense Arts,-,-,-,-
770,Spada di Bolognese,-,-,-,-
202,Stoccata School of Defence,-,-,-,-
325,Sword Fighter Gold Coast,-,-,-,-
1400,Sword-Point College of Arms,-,-,-,-
326,The School of Historical Fencing,-,-,-,-
1015,Ursa Major HEMA Academy,-,-,-,-
279,Vanguard Swordsmanship Academy,-,-,-,-
515,Victorian Historical Combat Academy,-,-,-,-
1198,Arte Mortiferum,-,-,-,-
47,De Hallebardiers,-,-,-,-
811,Des Keysers Ghesellen,-,-,-,-
1464,IIème Rguingonne,-,-,-,-
276,Invirtus,-,-,-,-
1460,Les Sept Epées,-,-,-,-
1264,Meyer May Rise,-,-,-,-
1532,MEZ,-,-,-,-
1492,Spatha Medievae,-,-,-,-
48,Sumus Soldani,-,-,-,-
277,SwArta,-,-,-,-
1459,Via Bruxellensis,-,-,-,-
1477,Bulgarian School of Ancient Military Arts - Velichie,-,-,-,-
1320,Fechtschule Sofia,-,-,-,-
1338,FORTE - Historical Fencing,-,-,-,-
1421,Freifechter Sofia,-,-,-,-
1319,Historical fencing - Stara Zagora,-,-,-,-
1274,Historical Swordsmanship - Angel Chernaev,-,-,-,-
485,School of Historical Swordsmanship MOTUS,-,-,-,-
1267,Academia de Esgrima Histórica Carioca,-,-,-,-
645,AEEA Stahlfechter,-,-,-,-
1474,Aes Atibaia,-,-,-,-
1512,Alcateia de Prata,-,-,-,-
1050,Arquearia e Combate Medieval - SCAM,-,-,-,-
1051,Batalha Cênica Salvador,-,-,-,-
646,Casa Vieira Turaine,-,-,-,-
1519,Clube 98,-,-,-,-
1511,Compagnia di Marte,-,-,-,-
1513,Escola Dardi,-,-,-,-
1266,Escola de Artes Marciais Históricas Grifo de Fogo,-,-,-,-
826,Espada de Avis,-,-,-,-
1052,Espada de Prata,-,-,-,-
1495,Espada Selvagem,-,-,-,-
1510,Falcão Negro,-,-,-,-
1534,Farfalla di Ferro,-,-,-,-
803,Javalis Combate Medieval,-,-,-,-
804,Karlbrüder esgrima histórica,-,-,-,-
649,Ordem do Teixo,-,-,-,-
648,Sala de Armas Desterro,-,-,-,-
1509,Wolfsherz,-,-,-,-
621,Diestro,-,-,-,-
1010,Diestro Minsk,-,-,-,-
1011,Diestro Vitebsk,-,-,-,-
1007,Diestro Sochi,-,-,-,-
633,Duellatoria Alba,-,-,-,-
13,Minsk HEMA Fight Club,-,-,-,-
676,A.M.H.E. Rimouski,-,-,-,-
1500,Academie Cavallo,-,-,-,-
381,Academie Duello,-,-,-,-
681,Académie Scrimicie,-,-,-,-
369,Academy of European Medieval Martial Arts,AEMMA,-,-,-
1427,Ardimento,-,-,-,-
1506,Bataireacht and Historical Fencing,-,-,-,-
152,Blood and Iron Martial Arts,B&I,-,-,-
759,"Blood and Iron Martial Arts, New Mexico",-,-,-,-
1505,Branta School of Arms,-,-,-,-
1149,Calgary Fellowship of the Sword,-,-,-,-
1426,Club d'escrime Historique Destreza Nova Laval,-,-,-,-
1026,Comox Valley Combat Guild,-,-,-,-
1023,Dueling Weapons Academy of Renaissance Fencing,-,-,-,-
1012,Edmonton German Fencing Guild,-,-,-,-
1333,Edmonton German Fencing Guild,-,-,-,-
1106,Edmonton Historical Martial Arts,-,-,-,-
1452,Highland Sword Fighting Guild,-,-,-,-
978,Ironwood Sword School,-,-,-,-
677,Kingston Irish Fighting Arts,-,-,-,-
194,La Compagnie Médiévale,-,-,-,-
1445,La Garde du Lys,-,-,-,-
91,Les Maitres d'Armes,-,-,-,-
979,Maritime Sword School,-,-,-,-
653,Medieval Swordplay Canada,-,-,-,-
739,Mustang Sword Club,-,-,-,-
1165,NEMESIS Historical Fencing,-,-,-,-
1457,Niagara Historical Fencing,-,-,-,-
678,Niagara School of Arms,-,-,-,-
201,Okanagan Combat Guild,-,-,-,-
726,Ottawa Historical Fencing Society,-,-,-,-
84,Ottawa Meyer,-,-,-,-
679,Ottawa Swordplay,-,-,-,-
457,Saskatoon Historical Fencing,-,-,-,-
1455,Signum Corvus School of Arms,-,-,-,-
1454,Society for Historical Arms Research and Practice,SHARP,-,-,-
977,Southern Ontario Historical Fencing Association,-,-,-,-
1323,Superior HEMA,-,-,-,-
1075,Sword Fight Canada,-,-,-,-
1499,Swordfighters Martial Arts & Self Defence,-,-,-,-
72,The Academy of European Swordsmanship,-,-,-,-
197,The Cateran Society,-,-,-,-
1074,Broadsword Academy Manitoba,-,-,-,-
993,Niagara Broadsword Academy,-,-,-,-
153,The Forge: Western Martial Arts,The Forge: WMA,-,-,-
1163,The Historical Combat Collective,-,-,-,-
1453,Toronto Historical Combatants,-,-,-,-
401,Valkyrie Western Martial Arts Assembly,-,-,-,-
764,Valour Historical European Martial Arts Academy,-,-,-,-
1065,Vancouver Historical Fencing,-,-,-,-
1148,Wardens of the Red Tower,-,-,-,-
1480,WHFC Valour,-,-,-,-
1046,Winnipeg Historical Fencing Club,-,-,-,-
1073,Winnipeg Knightly Arts,-,-,-,-
1342,AMHE Valagin Neuchatel,-,-,-,-
1343,AMR Neuchatel,-,-,-,-
49,Artes Certaminis,-,-,-,-
1340,Calhistar-Cercle des Armes,-,-,-,-
791,Compagnia del Corvo Grigio,-,-,-,-
509,Die Baskerhunde,-,-,-,-
512,École Lémanique d'Arts et d'Actions,-,-,-,-
506,Freifechter Basel,-,-,-,-
513,Gladiatorium Artium Friburgensis Schola,GAFSchola,-,-,-
259,Gladius et Codex,GetC,-,-,-
510,Historicae Artes Dimicationes Ustrachense,HADU,-,-,-
1156,Historische Kampfkunst Luzern,-,-,-,-
1197,Iarumas,-,-,-,-
280,Leo et Ursus,-,-,-,-
511,Les Maciliens,-,-,-,-
505,Liberi Ensis,-,-,-,-
507,Militia Genavae,-,-,-,-
1508,Mittelalterverein Bern,-,-,-,-
1152,Reisläufer Bern,-,-,-,-
794,Säbelrassler,-,-,-,-
793,Sub Brach,-,-,-,-
1344,Unil'AMHE,-,-,-,-
1341,WEMAC Schaffhausen,-,-,-,-
683,Academia de Esgrima Histórica Bolognese,-,-,-,-
622,Academia de esgrima histórica de Chile,-,-,-,-
628,Ausdauer,-,-,-,-
684,Centro Cruzado,-,-,-,-
629,Centro de Esgrima Histórica,-,-,-,-
623,Compañía Espada de Plata,-,-,-,-
624,Esgrima Histórica Concepción,-,-,-,-
625,Esgrima Histórica Valdivia,-,-,-,-
627,Húsar,-,-,-,-
533,Sociedad de Esgrima Historica de Aconcagua,-,-,-,-
1042,Armed Panda Historical Martial Arts Institute,-,-,-,-
1037,CAFA Swordmanship Club,-,-,-,-
602,Chungking Historical Fighting Guild,-,-,-,-
1061,Cold Weapon Fighting Club,-,-,-,-
1036,DouZhanSheng Club,-,-,-,-
1043,Easy Swordplay Union,-,-,-,-
1040,Five Weapons Militia Barrack,-,-,-,-
603,Flaming Phoenix Historical Combat Guild,-,-,-,-
1063,Guizhou Archer and Swordsman,-,-,-,-
1059,Hangzhou Historical Martial Arts Association,-,-,-,-
1060,Hebei Glamorgan Fencing Bruders,-,-,-,-
1054,Henan Historical Fencing Union,-,-,-,-
1041,Historical Fencing Group of WHU,-,-,-,-
1035,HuNan Xiangjun Mercenary of Regiment,-,-,-,-
1044,Jian Gong Academy,-,-,-,-
1038,Nanjing Axon Martial Arts,-,-,-,-
989,Order of Zephyr,-,-,-,-
604,Rivers HEMA Club,-,-,-,-
1055,Shandong Historical Martial Arts Union,-,-,-,-
1053,Shanghai Historical Martial Arts,-,-,-,-
1027,Shanghai Huben Historical Martial Arts,-,-,-,-
1058,Shengtang,-,-,-,-
1062,Suzhou Wuyan Historical European Martial Arts and Culture Club,-,-,-,-
988,Sword Fencers Training Camp,-,-,-,-
1057,The Cloud Hermits Fencing Society,-,-,-,-
1056,Tieshan Club,-,-,-,-
1039,Warrior Hermit Society of TianJin,-,-,-,-
697,Cyprus ΗΕΜΑ Club,-,-,-,-
985,Adeptus,-,-,-,-
1418,Ars Dimicatoria,-,-,-,-
285,Digladior,-,-,-,-
788,Digladior Mladá Boleslav,-,-,-,-
787,Digladior Plzeň,-,-,-,-
393,Dobrovoľný Šerm,-,-,-,-
983,Duelanti od Svatého Rocha,Duelanti od sv. Rocha,-,-,-
1171,HELOPS,-,-,-,-
1357,Hema Praha,-,-,-,-
1387,IPMAF Kombatan Kali Presas Style Czech Republic,-,-,-,-
1097,Lanistae liberi Pragenses,-,-,-,-
1417,Manus Regis,-,-,-,-
1507,Pankration Gym,-,-,-,-
288,Pardubický spolek šermířský,PSA,-,-,-
1125,Poslední Argument,-,-,-,-
1273,Rapír klub Praha,Rapier club Prague,-,-,-
790,Rotyka,-,-,-,-
655,Rožnovsky šermirsky klub,RŠK,-,-,-
1395,SBA Praha,-,-,-,-
1115,Šermírna Luka,-,-,-,-
362,SHŠ Krkavci,-,-,-,-
1389,SHŠ Tizon Havířov,-,-,-,-
1516,Škola Boje Praha,-,-,-,-
290,Škola šermu Paridon,-,-,-,-
286,Bellátor,-,-,-,-
786,Brněnští Fechteři,-,-,-,-
1096,Manu Forti,-,-,-,-
1391,Sokol Frýdek-Místek Taekwondo,-,-,-,-
1390,Soukromá škola bojových umění Honorra,-,-,-,-
1157,Sportovní šerm Tábor,-,-,-,-
446,T. J. Sokol České Budějovice,-,-,-,-
1393,X-Fight Club Ostrava,-,-,-,-
296,Zlínská Šermírská Společnost,-,-,-,-
927,7Schwerter,-,-,-,-
673,Ad Arma,-,-,-,-
1071,Alte Kampfkunst,-,-,-,-
450,Alte Schule - Historisches Fechten Bochum,-,-,-,-
269,Arts of Mars,-,-,-,-
1119,ASV Mannheim,-,-,-,-
661,ASV Ossweil,-,-,-,-
313,Bellum Nobile,-,-,-,-
672,Berliner Rittergilde,-,-,-,-
1465,Braunschweiger Fechtkultur,-,-,-,-
299,Brückenschlag,-,-,-,-
891,Bunte Schar Budenheim,-,-,-,-
768,Chemnitzer Polizeisportverein,-,-,-,-
1262,Deathcorps Unicorns,-,-,-,-
539,Der Fechtboden,-,-,-,-
481,Die Freifechter - Gesellschaft für historische Fechtkunst e.V.,-,-,-,-
1488,Dimicator Schola,-,-,-,-
1381,Drei Helme der TG Landshut,-,-,-,-
263,Europäische Schwertkunst,-,-,-,-
868,Europäische Schwertkunst Augsburg,-,-,-,-
867,Europäische Schwertkunst Erding,-,-,-,-
864,Europäische Schwertkunst München,-,-,-,-
869,Europäische Schwertkunst Pleinfeld,-,-,-,-
865,Europäische Schwertkunst Puchheim,-,-,-,-
866,Europäische Schwertkunst Starnberg,-,-,-,-
946,Fechtergilde Aurich,-,-,-,-
810,Fechtschule Asteria,-,-,-,-
890,Fechtschule Schrankhut,-,-,-,-
1272,Fencing Club Dresden,-,-,-,-
1151,Freifechter,-,-,-,-
557,Freyfechter Augustini,-,-,-,-
945,Gilde Bonn,-,-,-,-
558,Gladiatores München,-,-,-,-
1020,Gladiatores Stuttgart,-,-,-,-
1019,Gladii Pontis,-,-,-,-
142,Grün-Weiß Holten,-,-,-,-
44,Hammaborg,-,-,-,-
1466,HEMA Köln,-,-,-,-
1234,Henger SV,-,-,-,-
1355,Historisches Fechten – Judo-Club Herrenberg e.V.,-,-,-,-
933,Historisches Fechten Gießen,-,-,-,-
1265,Historisches Fechten Rosenheim,-,-,-,-
1382,Historisches Fechten Würzburg,-,-,-,-
271,Historisches Schwertfechten Nordhessen,-,-,-,-
721,HSG Schwertkunst,-,-,-,-
799,HTW Berlin,-,-,-,-
1339,IGLS Würzburg,-,-,-,-
720,In MOTU,-,-,-,-
800,INDES Halle,-,-,-,-
1120,Jaekleins Spieße,-,-,-,-
802,Kampfhus,-,-,-,-
1122,KdF Jena,-,-,-,-
798,KdF Leipzig,-,-,-,-
674,Kenshinkai Berlin e. V.,-,-,-,-
1259,Kielhau,-,-,-,-
727,Klopffechters Erben,-,-,-,-
514,Krifon,-,-,-,-
859,Krifon Edingen,-,-,-,-
863,Krifon Herford,-,-,-,-
862,Krifon Koblenz,-,-,-,-
861,Krifon Mainz,-,-,-,-
860,Krifon Worms,-,-,-,-
1487,Meisterhauw,-,-,-,-
1072,MTV 1846 Giessen,-,-,-,-
150,Ochs,-,-,-,-
686,Ochs Bamberg,-,-,-,-
556,Ochs Landshut,-,-,-,-
559,Ochs München,-,-,-,-
1118,Ochs Oberland,-,-,-,-
555,Ochs Pfarrkirchen,-,-,-,-
1260,Opus Gladii,-,-,-,-
671,Pfälzer Schwertlöwen,-,-,-,-
537,Polizeisportverein Karlsruhe e. V.,-,-,-,-
767,PSV Cottbus,-,-,-,-
926,Quinque Verba,-,-,-,-
658,Ritterschaft zu Gmünd,-,-,-,-
1166,Saalefechter,-,-,-,-
540,SC Borchen,-,-,-,-
1372,Schildwache Potsdam,-,-,-,-
1263,Schule des inneren Schwertes,-,-,-,-
278,Schwabenfedern,-,-,-,-
538,Schwert und Bogen,-,-,-,-
801,Schwert-Greifen Rostock,-,-,-,-
132,Schwertspiel Dresden,-,-,-,-
773,Scuola di Scherma,-,-,-,-
657,Solve et Coagula e.V.,-,-,-,-
1239,Sportbund DJK Rosenheim,-,-,-,-
656,Stahlakademie,-,-,-,-
1261,Strîtschar,-,-,-,-
462,Studio Neues Fechten,-,-,-,-
750,Tremonia Fechten,-,-,-,-
1117,Turngemeinde Landshut,TG Landshut,-,-,-
574,Turngemeinde Münster,TG Münster,-,-,-
1047,TVG Steele 1863 e.V.,-,-,-,-
659,Twerchhau e. V. Berlin,-,-,-,-
696,Zornhau,-,-,-,-
924,Aros Historical Fencing Guild,-,-,-,-
23,Axelved Historic Fencing Society,AHFS,-,-,-
1471,Frederiksborg Historiske Fægteklub,-,-,-,-
1472,HEMA Aalborg,-,-,-,-
18,HEMA Esbjerg,-,-,-,-
1327,HEMA Hobro,-,-,-,-
1469,Københavns Fægteklub,-,-,-,-
10,Københavns Historiske Fægteklub,KHFK,-,-,-
956,Freifechter Revals,-,-,-,-
565,100Tolos HEMA,-,-,-,-
895,Academia Asturiana de la Espada,-,-,-,-
580,Academia da Espada,-,-,-,-
1185,Academia da Espada Hellas,-,-,-,-
1132,Arte do Combate,-,-,-,-
392,Asociación Española de Esgrima Antigua,-,-,-,-
694,Duo Bellum,-,-,-,-
981,Escuela de Esgrima Francisco de Ettenhard,-,-,-,-
879,Escuela de Esgrima Historica de Madrid,-,-,-,-
896,Sala de Armas Hernando de Acuña,-,-,-,-
566,Asociacion Naronesa de Esgrima Antigua,-,-,-,-
1438,Asociación Navarra de Esgrima Histórica Corvus,-,-,-,-
778,Asociación Ourensá de Esgrima Antiga,-,-,-,-
65,Associació Esgrima Antiga Catalunya Central,AEACC,-,-,-
990,Caballeros de Al-basit,-,-,-,-
567,Club de Artes Marciales Historicas Europeas Drac,-,-,-,-
940,Club de Esgrima Gran Capitán,-,-,-,-
1440,Club de Esgrima Histórica Audacia,-,-,-,-
1289,Club Esgrima Maresme,-,-,-,-
753,Constantia Historical Fencing School,-,-,-,-
1243,El Arte de la Espada,-,-,-,-
390,Esgrima Antiga Pontevedra,-,-,-,-
1254,Falcata,-,-,-,-
1439,Gaudiosa Esgrima Histórica,-,-,-,-
1290,Hema Esgrima,-,-,-,-
755,Princesa Kristina de Noruega,-,-,-,-
367,Sala d'Armes Creu de Sant Jordi,-,-,-,-
434,Sala d'Armes Monjuïc,-,-,-,-
756,Sala de Armas Don Jaime de Mereló,-,-,-,-
991,Sala de Armas El Batallador,-,-,-,-
757,Sala de Armas Fénix,-,-,-,-
939,Sala de Armas Fiore dei Líberi,-,-,-,-
938,Sala de Armas Hans Talhoffer,-,-,-,-
1242,"Sala de armas Jaime III ""El Temerario"" AMEH",-,-,-,-
710,Sala de Armas Salvatore Fabris,-,-,-,-
758,Sala de Armas Tercio Norte,-,-,-,-
1419,Sala Duo Bellum Gerió - HEMA Girona - ACEA,Duo Bellum-Gerió,-,-,-
705,Sala Esgrima Antigua Ignota,-,-,-,-
32,Sala Viguesa de Esgrima Antiga,SVEA,-,-,-
229,Academia Liechtenaueriana Helsingiensis ry,-,-,-,-
2,EHMS,EHMS,-,-,-
850,Espoo HEMA,-,-,-,-
16,Grieswartt,-,-,-,-
1296,Jakobstads Historiska Fäktningssällskap,JHFS,-,-,-
30,Joensuun Historiallisen Miekkailun Seura,JoHMS,-,-,-
9,Jyväskylä Academy of Historical Martial Arts,AHMA,-,-,-
955,Lakeuden Miekka,-,-,-,-
849,Lappeenrannan Historiallisen Miekkailun Seura,LHMS,-,-,-
15,Oulun Miekkailuseura,OMS,-,-,-
28,Tampere HEMA,-,-,-,-
22,Turun Historiallisen Miekkailun Seura,THMS,-,-,-
24,Vaasan Miekkailijat,VaMi,-,-,-
594,Warusseppäin Kilta,-,-,-,-
668,Académie AMHE,-,-,-,-
441,AMHE Apicula Carcassona,-,-,-,-
452,AMHE du Maine,-,-,-,-
144,AMHE Paris,-,-,-,-
437,AMHE Saint-Vallier,-,-,-,-
1367,Anima Martialis,-,-,-,-
707,Anim'Oise,-,-,-,-
453,Artes belli,-,-,-,-
366,AURA Combat Historique,AURA CH,-,-,-
456,BELAMHE,-,-,-,-
1368,Cercle d'AMHE Néodomien,-,-,-,-
439,Cercle d'Armes du Dauphiné,-,-,-,-
708,Cercle d'Arts Martiaux Historiques Européens de Metz,-,-,-,-
143,Cercle des Escrimeurs Libres Nantais,-,-,-,-
1170,Clermont-Ferrand AMHE,-,-,-,-
942,Club Sportif et de Loisirs de la Gendarmerie de GAP,CSLG GAP,-,-,-
454,Compagnie Dagorlad,-,-,-,-
929,Compagnie d'Armes de Lyon,-,-,-,-
1494,Compagnie Excallibur Yvellines,-,-,-,-
669,Compagnie Saint Guilhem,-,-,-,-
1155,De Feu et d'Acier,-,-,-,-
138,De Taille et d'Estoc,-,-,-,-
451,Ecole Catalane de Combat Médiéval,-,-,-,-
221,École Chevaleresque,-,-,-,-
436,Ecole d'Escrime Médiévale L'Âme Impetueuse,-,-,-,-
300,Écoliers libres de Strasbourg en Arts Martiaux Historiques Européens,ELSAMHE,-,-,-
613,Ex Machina,-,-,-,-
363,Frères d'AMHE,-,-,-,-
127,Garde des Temps Jadis,GdTJ,-,-,-
795,L’Épée Blanche,-,-,-,-
910,La Confrérie d'armes de Saint-Michel,-,-,-,-
137,La Confrérie de la Corneille,-,-,-,-
709,La Juste Solde,-,-,-,-
1048,La Maisnie du Chevalier Bragon,-,-,-,-
1049,La Maisnie du Chevalier Bragon de Bourg en Bresse,-,-,-,-
438,La Maisnie du Chevalier Bragon de Saint-Denis-lès-Bourg,-,-,-,-
455,La Manticore Paris,-,-,-,-
611,La Mesnie du Blanc Castel,-,-,-,-
298,La Salle d'Armes Escrime Ancienne,SAEA - Paris,-,-,-
1380,Le Cercle des Épées Libres,-,-,-,-
460,Le Chapitre des Armes,-,-,-,-
442,Les Guerriers du Lendemain,-,-,-,-
435,Les Indépendants Réunis,-,-,-,-
610,Les Lames d'Aïssa,-,-,-,-
523,Les Lames du Foyer,-,-,-,-
1078,Lyon AMHE,-,-,-,-
222,Médiéval Combat,-,-,-,-
223,Ost du Griffon Noir,-,-,-,-
1369,Passe d'Armes Savoie,-,-,-,-
704,PEAMHE,-,-,-,-
85,Recherche et Expérimentation du Geste Historique et Technique,REGHT,-,-,-
141,Unité Sportive Avonnaise Escrime,USAE,-,-,-
916,WARRIOR BOX,-,-,-,-
582,A.G.C. Axion Piraeus Fencing Club,-,-,-,-
584,Academy Of Historical European Martial Arts 'Leontes',-,-,-,-
227,Academy of Hoplomachia S.C.,-,-,-,-
693,Apocalyptic Knights,-,-,-,-
685,Argentum Aguila,-,-,-,-
226,Coriolanos HEMA Team,-,-,-,-
587,Fighters of Kranidi,-,-,-,-
1526,Hema Team,-,-,-,-
233,Meandros HEMA Team Piraeus,-,-,-,-
583,Pegasus - Athens historical fencing club,-,-,-,-
484,Thessaloniki Fencing Club,-,-,-,-
1411,Xiphos Academy of HEMA,-,-,-,-
601,Einherjar HEMA Club,-,-,-,-
294,Ars Gladiatoria,-,-,-,-
947,Cro HES,-,-,-,-
618,Anjou Udvari Lovagkör,-,-,-,-
56,Ars Ensis,-,-,-,-
992,Crosscut Historical Research and Sparring Team,Crosscut HRST,-,-,-
701,Ferreus Lupus,-,-,-,-
935,Georgikon Szablya Kör,-,-,-,-
291,Kard Rendje ViSE,KRViSE,-,-,-
449,Pécsi Hosszúkardvívók,-,-,-,-
1172,SAGA Középkori Európai Harcművészetek Iskolája,-,-,-,-
702,Societas Draconistrarum,-,-,-,-
703,Zsongvölgyi Hagyományőrző Haditorna Egylet,-,-,-,-
1030,Iron Guts HEMA Club,-,-,-,-
17,Blademasters Academy,-,-,-,-
426,Dublin HEMA Club,-,-,-,-
424,Exiles Galway,-,-,-,-
592,Gaillimh Gallóglaigh,-,-,-,-
489,Goats Head Historical Fencing,-,-,-,-
490,Gray School of Arms,-,-,-,-
1116,Historical Combat Academy,-,-,-,-
1317,Kern School Of Combat,-,-,-,-
422,Leitrim Longswords,-,-,-,-
131,SCA Dun in Mara,-,-,-,-
443,The 1595 Club Ireland,-,-,-,-
423,The Irish School of Historical Combat,-,-,-,-
781,Knights of Fergus,-,-,-,-
547,The Wrathful Peasants,-,-,-,-
21,West Cork HEMA Club,-,-,-,-
1101,Reykjavik HEMA Club,-,-,-,-
1277,Akureyri HEMA Club,-,-,-,-
911,Væringjar,-,-,-,-
968,1595 Club Milano,-,-,-,-
365,A.S.D. Regia Turris,-,-,-,-
578,Accademia Fabio Scolari,-,-,-,-
210,Accademia I Duellanti,-,-,-,-
389,Accademia Liberi Combattenti,-,-,-,-
205,Accademia Marziale Europea,-,-,-,-
130,Accademia Romana d'Armi,-,-,-,-
1288,Accademia Scherma Alba,-,-,-,-
206,Arma Antica,-,-,-,-
1503,ARS Historica,-,-,-,-
400,ASD Butterfly,-,-,-,-
207,ASD Castellani,-,-,-,-
1295,ASD Ferreo Core,-,-,-,-
213,ASD Majistro Re,-,-,-,-
666,ASD Pro Patria et Libertate,-,-,-,-
230,ASD Scherma Storica Pavia,-,-,-,-
266,Callis Maior,-,-,-,-
1105,Club Scherma Apuano,-,-,-,-
208,Club Scherma Koala,-,-,-,-
356,Club Scherma Leonessa,-,-,-,-
1358,Comense Scherma,-,-,-,-
973,Compagnia d’Arme Strategemata,-,-,-,-
349,Compagnia de Le Due Maestà,-,-,-,-
147,Compagnia Della Rosa e Della Spada,-,-,-,-
1143,Compagnia dello Sparviero,-,-,-,-
352,Confraternita dei Liberi,-,-,-,-
209,Euganea School of Historical Fencing,-,-,-,-
1268,Falchi del Secchia,-,-,-,-
972,Fior di Battaglia,-,-,-,-
1235,Guardiani del Cervo,-,-,-,-
931,HEMA Ravenna,-,-,-,-
528,Historica Laminis,-,-,-,-
391,I Cavalieri de li Terre Tarantine,-,-,-,-
364,Il Contemezzocuore Compagnia D'arme,-,-,-,-
211,Invicti Lupi,-,-,-,-
399,La Compagnia dell'Orso Nero,-,-,-,-
204,La Sala delle Armi,SdA,-,-,-
398,La Stella dei Viandanti,-,-,-,-
1502,Lame della Torre,-,-,-,-
970,Le Lame del Conte,-,-,-,-
212,Le Spire del Lupo,-,-,-,-
579,Lo scrigno del tempo,-,-,-,-
529,Mos Ferri,-,-,-,-
215,Musashi Fight Club,-,-,-,-
577,Nova scrimia,-,-,-,-
351,Ordine delle Lame Scaligere,-,-,-,-
1095,Res Martialis,-,-,-,-
919,Sala d’Arme del Folle,-,-,-,-
203,Sala d'Arme Achille Marozzo,-,-,-,-
971,Sala d’Arme Achille Marozzo Sforzesca,-,-,-,-
820,Sala d'Arme Achille Marozzo Bononia,-,-,-,-
822,Sala d'Arme Achille Marozzo Emilia,-,-,-,-
817,Sala d'Arme Achille Marozzo Firenze,-,-,-,-
818,Sala d'Arme Achille Marozzo Friuli Venezia Giulia,Sala d'Arme Achille Marozzo FVG,-,-,-
1142,Sala d'Arme Achille Marozzo Grosseto,-,-,-,-
816,Sala d'Arme Achille Marozzo Lombardia,-,-,-,-
819,Sala d'Arme Achille Marozzo Novara,-,-,-,-
815,Sala d'Arme Achille Marozzo Roma,-,-,-,-
821,Sala d'Arme Achille Marozzo Romagna Malatestiana,-,-,-,-
814,Sala d'Arme Achille Marozzo Tirrenica,-,-,-,-
813,Sala d'Arme Achille Marozzo Umbria,-,-,-,-
823,Sala d'Arme Achille Marozzo Veneto-Trentino Alto Adige,Sala d'Arme Achille Marozzo VTAA,-,-,-
216,Sala d'Arme Aquila Gladiatrix,-,-,-,-
797,Sala d'Arme Brutia,-,-,-,-
796,Sala d'Arme del Folle,-,-,-,-
35,Sala d'arme dell'Appeso,-,-,-,-
882,Sala d'arme I Bèc del Ruc,-,-,-,-
883,Sala d'arme Il Carmagnola,-,-,-,-
353,Sala d'Armi Guardia di Croce,-,-,-,-
1112,Sala d'Armi Guardia di Croce Brescia,-,-,-,-
1113,Sala d'Armi Guardia di Croce Milano,-,-,-,-
1114,Sala d'Armi Guardia di Croce Rome,-,-,-,-
1287,Sala della Gorgone,-,-,-,-
969,Scherma Storica Dolomiti,-,-,-,-
665,Scherma Storica Firenze,-,-,-,-
217,Scherma Storica Genova,-,-,-,-
1316,Scherma Storica Lecce,-,-,-,-
1467,Schola Sforzesca,-,-,-,-
218,Scrima Torino,-,-,-,-
527,Scuola d'Arme Fiore dei Liberi,-,-,-,-
937,"Scuola di Scherma Storica ""Antonio Quintino""",-,-,-,-
880,Septem Custodie,-,-,-,-
881,Società d'Arme Major Militia,-,-,-,-
1269,Major Milita Mutina,-,-,-,-
219,Societa dei Vai,-,-,-,-
1103,Società Italiana Scherma,-,-,-,-
691,Sodalitas In Opera,-,-,-,-
1294,Sparvieri ASD,-,-,-,-
1144,Sword Academy,-,-,-,-
1098,Castle Tintagel,-,-,-,-
1489,Guard,-,-,-,-
1497,Ferox,-,-,-,-
1377,Alber Aus VU,-,-,-,-
1161,HEMA Kaunas - Renesanso Kalavijo Mokykla,-,-,-,-
1162,Kalavijo Meistrystes Mokykla,-,-,-,-
1527,Kardo valdymo mokykla Husaras,-,-,-,-
1378,Viduramžių pasiuntiniai,-,-,-,-
1529,Gentlemen club Zobens 1812,-,-,-,-
272,HEMA Riga,-,-,-,-
1392,Temaf,-,-,-,-
1528,Vēsturiskās modelēšanas klubs Robeža,-,-,-,-
232,Malta Historical Fencing Association,-,-,-,-
1315,MERCS Malta,-,-,-,-
680,Asociación Mexicana de Esgrima Antigua,-,-,-,-
1518,Bärenstark - Escuela de Esgrima Antigua,-,-,-,-
371,Bravos,-,-,-,-
376,Caballeros de Ebano,-,-,-,-
139,Elite Fencing Club,-,-,-,-
374,Esgrima Histórica Marte,-,-,-,-
82,Gesellschaft aus Löwen,-,-,-,-
122,Krigerskole,-,-,-,-
375,Maza de Plata,-,-,-,-
373,North Blazing Sun,-,-,-,-
370,Phoebus Ferratus,-,-,-,-
255,Ritterschaft HEMA,-,-,-,-
1424,Axolotes Fencing Club,-,-,-,-
372,Wolfskopf Fencing Academy,-,-,-,-
459,Bataille Krijgskunsten,-,-,-,-
37,De Academie voor Middeleeuwse Europese Krijgskunsten,AMEK,-,-,-
38,De Zwaardkring,-,-,-,-
571,Historisch Schermgilde Limburg,-,-,-,-
8,Historisch Vrijvechten Nederland,HVN,-,-,-
812,HSSV Ludolph Van Ceulen,-,-,-,-
52,MARS,Mars,-,-,-
262,Noorderwind,-,-,-,-
1514,Sint Joris Gilde,-,-,-,-
1133,Sint Michielsgilde,-,-,-,-
1134,Sint Michielsgilde Antwerpen,-,-,-,-
1135,Sint Michielsgilde Gouda,-,-,-,-
334,Sint-Michielsgilde Antwerpen,-,-,-,-
1370,Steelbound,-,-,-,-
688,The School voor Historische Schermkunsten,-,-,-,-
1531,Via Gladiatorem,-,-,-,-
12,Zwaard & Steen,-,-,-,-
3,Bergen HEMA,BHEMA,-,-,-
20,Fekteklubben Frie Duellister,FKFD,-,-,-
914,Fekteklubben Frie Duellister Bergen,-,-,-,-
912,Fekteklubben Frie Duellister Oslo,-,-,-,-
913,Fekteklubben Frie Duellister Tromsø,-,-,-,-
134,Fekterlauget,-,-,-,-
1324,Halden HEMA,-,-,-,-
135,Hamar Kunst des Fechtens,Hamar KdF,-,-,-
690,HEMA Kristiansund,-,-,-,-
133,Kongshirden 1260,KH 1260,-,-,-
136,Rygene,-,-,-,-
29,Trondheim HEMA,-,-,-,-
771,Auckland Sword and Shield,-,-,-,-
1219,Canterbury Historical Fencing Club,-,-,-,-
1397,Dunedin Longsword Club,-,-,-,-
1220,HEMA Nelson,-,-,-,-
1221,IronFolk Combat,-,-,-,-
1458,New Zealand Schools of European Martial Arts,-,-,-,-
504,Waikato Duelists Society,-,-,-,-
1300,Wellington School of European Martial Arts,-,-,-,-
1398,Western Springs Longsword,-,-,-,-
1311,Whangarei Medieval Combat Club,-,-,-,-
1092,Esgrima Histórica Ad Bellum,-,-,-,-
1090,Esgrima Histórica Bellatores,-,-,-,-
1091,Sala de Armas de Arequipa,-,-,-,-
1448,Forge Pioneer: Historical Fencing,-,-,-,-
1449,True Edge HEMA Guild,-,-,-,-
1385,Aikido Kobayashi Academi,-,-,-,-
114,Akademia Broni,-,-,-,-
502,Akademia Szermierzy,-,-,-,-
247,ARMA Poland,ARMA PL,-,-,-
857,ARMA Poland Bielsko-Biala,-,-,-,-
854,ARMA Poland Kraków,-,-,-,-
858,ARMA Poland Olsztyn,-,-,-,-
855,ARMA Poland Poznan,-,-,-,-
853,ARMA Poland Warszawa,-,-,-,-
856,ARMA Poland Wroclaw,-,-,-,-
1524,Walpurgis,-,-,-,-
335,Bractwo Szermiercze,-,-,-,-
714,Centrum Dawnych Sztuk Walk,CDSW,-,-,-
1356,Czart Klub Szermierki Historycznej,Czart,-,-,-
248,Fechtschule Gdańsk,-,-,-,-
549,Fencing Arts,-,-,-,-
572,Freifechter Wrocław,-,-,-,-
902,Grupa Fechtunku Historycznego Lublin,-,-,-,-
1403,Gwiazdy Katowice DESW,-,-,-,-
1436,HEMA Łódź - Korsarze,-,-,-,-
1523,Historyczna Akademia Miecza,HAM,-,-,-
576,Kraków Kunst des Fechtens,Kraków KdF,-,-,-
774,Krakowska Szkoła Fechtunku,-,-,-,-
785,Miles Fencing,-,-,-,-
967,MKS Kusy Szczecin,-,-,-,-
458,Mordschlag,-,-,-,-
1326,Mordschlag Wrocław,-,-,-,-
1232,Na ubitej ziemi,-,-,-,-
1388,Niedzielne Spotkania Sparingowe,-,-,-,-
501,Poznańska Grupa Fechtunku Salut,-,-,-,-
500,Rebel Fencing Szkoła Szermierki Klasycznej,Rebel Fencing,-,-,-
775,Rebellium Gdańsk,-,-,-,-
569,Rzeszowska Grupa Fechtunku,-,-,-,-
146,Silkfencing Team,-,-,-,-
1168,Szampierz - Młodzieżowy Klub Szermierki Dawnej,-,-,-,-
784,Szermierka Kielce,-,-,-,-
1353,Szkoła Fechtunku Aramis,-,-,-,-
831,Szkoła Fechtunku Certus,-,-,-,-
958,Szkoła Fechtunku Gryf,-,-,-,-
904,Szkoła Szermierki Małopolskiej Zgrai Sarmackiej,Małopolska Zgraja Sarmacka,-,-,-
695,Szpada Szamotuły,-,-,-,-
265,Toruńska Szkoła Fechtunku,-,-,-,-
1248,UKS Piast Legnica,-,-,-,-
1354,VALKYRIE/BLADE,-,-,-,-
250,Vectir,-,-,-,-
1283,Wrocławska Szkoła Miecza,-,-,-,-
1276,Wszechnica Szermiercza,-,-,-,-
780,Academia de Armas Porto,-,-,-,-
872,Academia de Esgrima Histórica,-,-,-,-
779,Academia de Esgrima Histórica - Sala de Armas de Algés,-,-,-,-
873,Academia de Esgrima Histórica - Sala de Armas de Braço de Prata,-,-,-,-
874,Academia de Esgrima Histórica - Sala de Armas de Loures,-,-,-,-
825,Academia de Esgrima Histórica - Sala de Armas de Sintra,-,-,-,-
711,Esgrima Sadina,-,-,-,-
828,Espada Lusitana,-,-,-,-
568,Grupo Esgrima Medieval e Artes de Combate,-,-,-,-
829,Roteiro da Época,-,-,-,-
675,Thomar Honoris,-,-,-,-
827,Velha Guarda Marcial,-,-,-,-
1410,7 Swords Historical Fencing School,7 Swords,-,-,-
448,Club sportiv Gebeleizis,-,-,-,-
1423,Indomitus Historical Fencing,-,-,-,-
530,Iron Will HEMA Academy,-,-,-,-
667,KdF Klausenburg,-,-,-,-
1422,KDF Kronstadt,-,-,-,-
447,Societas Milites Getae,-,-,-,-
1231,Belgrade fencing academy,-,-,-,-
1229,FEATHER - School of fencing,-,-,-,-
1375,Green Banner,-,-,-,-
1230,MK Karika,-,-,-,-
531,Terca - School of Historical European Swordplay,-,-,-,-
1522,Warlander Jousting - Akademija viteških veština,-,-,-,-
1145,Adamant,-,-,-,-
403,Arkenstone,-,-,-,-
843,Austvegr-Bayard,-,-,-,-
415,Avalone,-,-,-,-
833,Avers Fencing,-,-,-,-
638,Black Swan,-,-,-,-
632,Boitcovii Kot,-,-,-,-
404,Cale,-,-,-,-
409,Camelot,-,-,-,-
412,Canto Spada,-,-,-,-
964,Center of Military Art,-,-,-,-
408,Challenge,-,-,-,-
732,Combative Fencing Association,-,-,-,-
241,Dark Heart,-,-,-,-
234,Daybreak,-,-,-,-
953,Desperados,-,-,-,-
410,Destreza,-,-,-,-
238,Ecumene,-,-,-,-
344,Edinorog,-,-,-,-
420,Escalibur,-,-,-,-
842,FC Bayard,-,-,-,-
417,Fencing Fanatics,-,-,-,-
236,FFC Paladin,-,-,-,-
848,Fight and Fit,-,-,-,-
418,Flamberg,-,-,-,-
421,Forest Brotherhood,-,-,-,-
407,Free Blades,-,-,-,-
125,Freifechtergilde,-,-,-,-
406,Garda,-,-,-,-
338,Golden Falcon,-,-,-,-
345,Golden Forests,-,-,-,-
237,Golden Griffin,-,-,-,-
1491,Gran,-,-,-,-
348,Hello Kitty,-,-,-,-
411,HEMA Academy,-,-,-,-
840,Hemul,-,-,-,-
416,Imperium Gladium,-,-,-,-
729,International Academy of Fencing Arts,IAoFA,-,-,-
733,Irkutsk Swordfighters Guild,-,-,-,-
1008,KIF Efes,-,-,-,-
1138,KKTF Neveros,-,-,-,-
637,Klinok,-,-,-,-
730,Kord,-,-,-,-
876,Koteriya Zheleznaya Molniya,-,-,-,-
1006,Krasnodar Fencing Guild,-,-,-,-
877,Lauregil,-,-,-,-
58,Le Renard,-,-,-,-
837,Lions of St. Mark,-,-,-,-
25,Men With Swords,-,-,-,-
347,MIPT Historical Simulation Club,-,-,-,-
240,Mistral,-,-,-,-
838,Nochnaya Strazha,-,-,-,-
427,NoName,-,-,-,-
875,Noviye Gortsy,-,-,-,-
1080,Order of Merit,-,-,-,-
419,Orodruin,-,-,-,-
839,Path of Steel,-,-,-,-
835,Peresvet,-,-,-,-
235,PLK,-,-,-,-
413,"PPSh, Congo",-,-,-,-
954,Rarog Squad,-,-,-,-
1085,Raubritter,-,-,-,-
341,Renaissance Fencing School,-,-,-,-
844,RIF,RIF,-,-,-
961,Rumata Fencing,-,-,-,-
965,School of Historical Martial Arts,-,-,-,-
631,Scuola Saint George,-,-,-,-
845,SFO,SFO,-,-,-
847,Sormovsky Club of Historical Fencing,SKIF,-,-,-
640,Steel,-,-,-,-
405,Stroganov's Army,-,-,-,-
1094,Tannenberg,-,-,-,-
239,The Guard,-,-,-,-
414,The Last Bastion,-,-,-,-
340,TORI_I,-,-,-,-
55,Tramazzone,-,-,-,-
59,UKRF,UKRF,-,-,-
641,Ultima Ratio,-,-,-,-
402,Ultima Ratio Sibir,-,-,-,-
836,Unterwalden,-,-,-,-
1084,Uri,-,-,-,-
963,Uroboros,-,-,-,-
336,Uslovno-prikladnoe fechtovanie,-,-,-,-
1082,VALOR,-,-,-,-
834,Varga,-,-,-,-
630,Vier Winden,-,-,-,-
841,VIK Srednevekovye,-,-,-,-
1009,Virm,-,-,-,-
884,Wandering Fox,-,-,-,-
634,Wargentorn,-,-,-,-
342,Warning Fencing Team,-,-,-,-
60,White Company,-,-,-,-
1045,WuHan Historical Fencing Club,-,-,-,-
428,White Company 1485,-,-,-,-
461,Wild Cards Fencing,-,-,-,-
429,World Class Fencing,-,-,-,-
1087,Кostowerfechtergilde,-,-,-,-
908,Eskilstuna HEMA Klubb,-,-,-,-
1337,Ferrum Hema,-,-,-,-
941,Frost HEMA,-,-,-,-
63,Gamla Stans Fäktskola,-,-,-,-
19,Gävle HEMA,-,-,-,-
1,Gothenburg Historical Fencing School,GHFS,-,-,-
915,Gripen HEMA,-,-,-,-
734,Halmstad HEMA,-,-,-,-
1291,Järvsö Historiska Fäktförening,-,-,-,-
1420,Kalix Historiska Fäktsällskap,-,-,-,-
11,Kungshamns Historiska Fäktskola,KuHFS,-,-,-
68,Ljungamarkens HEMA,-,-,-,-
14,Malmö Historiska Fäktskola,MHFS,-,-,-
302,Medeltida Stridsteknik Linköping IF,MSL IF,-,-,-
126,ÖKSF HEMA,-,-,-,-
5,Örebro HEMA,ÖHEMA,-,-,-
246,Örnsköldsviks Kampsportsförening,ÖKSF,-,-,-
909,Sällskapet Lunds Kontrafäktare,-,-,-,-
379,Särimner HEMA,-,-,-,-
66,Sjuhärads Fäktskola,-,-,-,-
41,Stockholm HEMA,-,-,-,-
26,Stockholms Stigmän,-,-,-,-
64,Stockholmspolisens Idrottsförening Fäktning,SPIFF,-,-,-
1442,Tjörns HEMA-Sällskap,-,-,-,-
534,Umeås Historiska Fäktskola,-,-,-,-
4,Uppsala Historiska Fäktskola,-,-,-,-
67,Växjö HEMA-sällskap,-,-,-,-
1384,West Coast HEMA,-,-,-,-
1127,Wisby Historiska Fäktskola,-,-,-,-
1029,Bastion HEMA Singapore,-,-,-,-
975,ORB Fencing,-,-,-,-
267,Academia Artis Dimicatoriae,AAD,-,-,-
948,Canne Klub Kamnik,-,-,-,-
650,Banskobystrický šermiarsky spolok,BBŠS,-,-,-
264,Bratislavský šermiarsky spolok,BŠS,-,-,-
377,Cech Terra de Selinan,CTDS,-,-,-
293,EtCetera,-,-,-,-
468,Falka,-,-,-,-
1124,Goliath - šermiarsky cech mesta Poprad,Goliath,-,-,-
1123,Kenshin-tachi,-,-,-,-
1376,Klub Šermu Rys,-,-,-,-
380,Klub šermu Trenčín,-,-,-,-
651,Košický šermiarský cech,KŠC,-,-,-
378,Michalovský spolok šermiarsky,-,-,-,-
1126,Milites Castri,-,-,-,-
287,Pugiles,-,-,-,-
662,SHŠ Banderium,-,-,-,-
289,Triglav,-,-,-,-
260,Trnavský Šermiarsky Cech,TSC,-,-,-
893,Vir Fortis,-,-,-,-
292,Žoldnieri,-,-,-,-
832,Avrasya Tarihi Savaş Sanatlari Derneği,-,-,-,-
1164,INDES Akademi,-,-,-,-
544,İstanbul Tarihi Savaş Sanatları Birliği,-,-,-,-
228,Turkey Historical Fencing Association,-,-,-,-
606,Fu Jen University European Medieval Swordsmanship,-,-,-,-
600,Lionheart Historical European Swordsmanship Club,-,-,-,-
605,Sakura Sanguineous,-,-,-,-
1441,The Chinese Academy of Chang Chuan and Hong Chuan,-,-,-,-
1028,Truth Exploring,-,-,-,-
253,Vor & Nach Society of Historical European Martial Arts,-,-,-,-
1183,Atira Ruthenia,-,-,-,-
1178,Black Company,-,-,-,-
1386,Bushido,-,-,-,-
1228,CSO Cossack's Knight's Club,-,-,-,-
1179,Fencing Phoenix,-,-,-,-
1022,Guild of Duel Fencing,-,-,-,-
1173,Kyiv Fencing Club,-,-,-,-
1180,Lviv HEMA Club,-,-,-,-
1233,Oberkriegschneck,-,-,-,-
1227,Omni Kombat,-,-,-,-
1181,Ritter,-,-,-,-
1177,Sharukhan,-,-,-,-
1244,Svyatogor,-,-,-,-
1182,Troegoriye,-,-,-,-
1021,Vostok,-,-,-,-
1184,White Wolf,-,-,-,-
520,Aberdeen Swordsmanship Group,-,-,-,-
53,Academy of Historical Arts,The AHA,-,-,-
870,Liverpool HEMA,-,-,-,-
871,The Vanguard Centre,-,-,-,-
39,Academy of Historical Fencing,AHF,-,-,-
722,Academy of Steel,-,-,-,-
1211,Aisle O'var Academy of Arms,-,-,-,-
1212,Aisle O'var Academy of Arms - Sandy,-,-,-,-
1213,Aisle O'var Academy of Arms - Sandy,-,-,-,-
487,Aisle O'var Backswording Clubbe,-,-,-,-
518,Alpha Weapons Academy,-,-,-,-
1293,Basingstoke HEMA,-,-,-,-
974,Bath Historical Martial Arts,-,-,-,-
715,Birmingham HEMA Club,-,-,-,-
999,Black Boar Swordsmanship School,-,-,-,-
474,Cambridge HEMA,-,-,-,-
522,Clashing Steel Longsword Club,-,-,-,-
1214,Cornish Sword - Kledha Kernewek,-,-,-,-
245,Cowal Historical Fencing Club,-,-,-,-
244,Dawn Duellists Society,DDS,-,-,-
525,Dragon's Tayle,-,-,-,-
1350,Durham Medieval Combat Academy,-,-,-,-
987,Edel Fencing Academy,-,-,-,-
319,Edinburgh HEMACS Society,-,-,-,-
1394,Exmoor HEMA,-,-,-,-
728,Glasgow HEMA,-,-,-,-
824,Glasgow Historical Fencing Society,-,-,-,-
1285,Glasgow Sword Breakers,-,-,-,-
243,Glasgow University Historical Swordsmanship,-,-,-,-
1194,Goose HEMA,-,-,-,-
321,Highland Broadsword Fencing Angus,-,-,-,-
480,Hotspur School of Defence,-,-,-,-
526,KdF Bournemouth,-,-,-,-
478,KdF Leeds,-,-,-,-
492,KdF Manchester,-,-,-,-
472,KdF Nottingham,-,-,-,-
473,KdF Tonbridge,-,-,-,-
517,Linacre School of Defence,-,-,-,-
281,London Historical Fencing Club,-,-,-,-
491,London Longsword Academy,-,-,-,-
1280,Manchester HEMA,Manchester Historical Fencing,-,-,-
425,Medieval Combat Group,-,-,-,-
712,Mercian Medieval Fight Club,MMFC,-,-,-
716,New Cross Historical Fencing,-,-,-,-
477,North Lakes Historical Fencing Society,-,-,-,-
1193,Order of the Blade,-,-,-,-
1475,Order of the Blade - Exeter,-,-,-,-
524,Oxford Sword and Staff,-,-,-,-
748,Plymouth Swordsman Society,-,-,-,-
516,Portsmouth British Martial Arts Club,-,-,-,-
471,Red Dragon Longsword Academy,-,-,-,-
575,Renaissance Martial Arts Society,-,-,-,-
519,Riddle of Steel,-,-,-,-
1284,Saorsa: Scottish Swordsmanship,-,-,-,-
249,Schola Gladiatoria,-,-,-,-
532,Sheffield Academy of Western Martial Arts,-,-,-,-
1215,Silver Hand Fencing,-,-,-,-
950,Silver School of Arms,-,-,-,-
1076,Smart HEMA Clubs,-,-,-,-
521,Southampton Historical Fencing,-,-,-,-
747,Braintree Historical Fencing,-,-,-,-
323,SPADA,-,-,-,-
1153,Stratford Swords,-,-,-,-
322,Sussex Sword Academy,-,-,-,-
466,Taunton Longswords,-,-,-,-
998,Tempus Fugitives,-,-,-,-
242,The 1595 Club,-,-,-,-
482,The English Martial Arts Academy,-,-,-,-
949,The Exiles,-,-,-,-
1033,The Exiles New England,-,-,-,-
31,The Institute for Historical Arts,IHA,-,-,-
261,The Iron Door Collective,-,-,-,-
1434,Exeter Sparring Group,-,-,-,-
581,The Pierced Heart,-,-,-,-
62,The Renaissance Sword Club,-,-,-,-
61,The School of the Sword,-,-,-,-
1003,The Society for the Study of Swordsmanship,-,-,-,-
1004,The Society for the Study of Swordsmanship: Durham,-,-,-,-
713,Thetford Sword Club,-,-,-,-
475,Tree of Shields,-,-,-,-
1281,University of Chester HEMA,-,-,-,-
273,Virtus Sword School,-,-,-,-
6,Waterloo Sparring Group,WSG,-,-,-
467,Wessex School of Arms,-,-,-,-
1318,Wivenhoe HEMA,-,-,-,-
476,Wolfshead Western Martial Arts,-,-,-,-
1446,13th Scholars,-,-,-,-
154,Abingdon Historical Combat,-,-,-,-
180,Academy of Arms,-,-,-,-
546,Academy of European Arms,-,-,-,-
900,Academy of European Fighting Arts,-,-,-,-
1070,"Academy of Western Martial Arts, Austin",-,-,-,-
123,Accademia del Leone,-,-,-,-
1328,Aegis Historical Combat Training,-,-,-,-
257,Albuquerque Sword Labs,-,-,-,-
1014,All For One Fencing,-,-,-,-
165,Ann Arbor Sword Club,-,-,-,-
1140,Antelope Valley Kunst des Fechtens,-,-,-,-
1302,Appalachian Highland Historical Fencing,-,-,-,-
1362,Appalachian Sword Club,-,-,-,-
1256,Arena Weapon Arts,-,-,-,-
777,Ars Gladii - School of Chivalric Arts,-,-,-,-
1334,Association for Renaissance Martial Arts,-,-,-,-
1335,Association for Renaissance Martial Arts - Las Vegas,-,-,-,-
140,Athena School of Arms,-,-,-,-
1303,Athens School of Arms,-,-,-,-
36,Atlanta Historical Fencing Academy,-,-,-,-
118,ATX Longsword,-,-,-,-
283,Austin Historical Weapons Guild,-,-,-,-
256,Baerswords School of Western Martial Arts,-,-,-,-
1484,Band of Iron Lions,-,-,-,-
1200,Battlefield KdF,-,-,-,-
182,Bay Area Freifechter,-,-,-,-
486,Bellows Freifechter,-,-,-,-
306,Bent Blades,-,-,-,-
1237,Black Bear Historical Fencing,-,-,-,-
1498,Black Cat Historical Fencing,-,-,-,-
493,Black Falcon School of Arms,-,-,-,-
497,Black Flag HEMA,-,-,-,-
1486,Black Tiger Martial Arts Academy,-,-,-,-
358,Black Tigers,-,-,-,-
385,Black Wolf Historic Martial Arts,-,-,-,-
258,Blackfriar's School of Fence,-,-,-,-
73,Blacksburg Blades,-,-,-,-
495,Blade Society,-,-,-,-
761,Blossfechten Academy: Joplin HEMA School,-,-,-,-
317,Bold City Longsword,-,-,-,-
1383,Boston Academie d'Armes,-,-,-,-
193,Boston Armizare,-,-,-,-
76,Brandr Combat Academy,-,-,-,-
1224,Broken Arm Academy of Swordsmanship,-,-,-,-
70,Broken Plow Western Martial Arts,Broken Plow WMA,-,-,-
925,Bucks Historical Longsword,-,-,-,-
1192,Burning Sun,-,-,-,-
1366,Burning Sun Historical Swordsmanship,-,-,-,-
1258,Caledonian Broadsword Academy of New Orleans,-,-,-,-
54,Capital Kunst des Fechtens,Capital KdF,-,-,-
1307,Carolina Historical Fencing Association,-,-,-,-
737,Center for Blade Arts,-,-,-,-
966,Centerline Sword School,-,-,-,-
1429,Central Iowa Historic Fencing Guild,CIHF,-,-,-
198,Chicago Swordplay Guild,-,-,-,-
897,Chico Historical Sword Fighting Academy,-,-,-,-
1139,Chivalry Today,-,-,-,-
282,Citadel Combat Arena,-,-,-,-
191,Clemson Longsword,-,-,-,-
1304,Coastal Combat HEMA,-,-,-,-
889,Columbus Saber Academy,-,-,-,-
907,Corsair Fencing Club,-,-,-,-
1517,Crimson Steel HEMA,-,-,-,-
1252,Crossroads Swords,-,-,-,-
642,Cymbrogi School of Western Martial Arts,-,-,-,-
1067,Dallas Renaissance Sword Guild,-,-,-,-
772,Dallas School of Historical Fencing,-,-,-,-
175,Davenriche European Martial Artes School,-,-,-,-
186,Decatur School of Arms,-,-,-,-
499,Denver Historical Fencing Academy,DHFA,-,-,-
899,Diamond Rose Academie D'Armes,-,-,-,-
115,Drei Wunder Wma,-,-,-,-
1225,East Texas Historical Fencing,-,-,-,-
1329,Eastside Fechtverein HEMA,-,-,-,-
1187,Einhorn Los Angeles Historical Fencing Arts,Einhorn LA Historical Fencing Arts,-,-,-
119,Emerald Coast Sword Guild,-,-,-,-
706,En Garde Fencing,-,-,-,-
997,Esgrima Antigua e Histórica de Puerto Rico y del Caribe,-,-,-,-
79,European Martial Arts of St. Louis,EMA St. Louis,-,-,-
1306,Everblade Academy,-,-,-,-
1251,F3 Sword Academy,-,-,-,-
74,Fenris Kunst Des Fechtens,-,-,-,-
1435,Fianna Historical Fencing,-,-,-,-
609,Fighters Guild Historical Combat,-,-,-,-
1336,Fireblood Combat,-,-,-,-
1066,Five Circles Martial Arts,-,-,-,-
760,Five Rings Fencing,-,-,-,-
80,Forte Swordplay,-,-,-,-
1297,Freefencers' Union,-,-,-,-
430,Fremont Freifechter,-,-,-,-
184,Fresno Freifechter,-,-,-,-
976,Frozen Clover Swordplay,-,-,-,-
1299,Gainesville HEMA,-,-,-,-
700,Gem City Duelists Society,-,-,-,-
1201,Gentleman's Dueling Society,-,-,-,-
1501,Goliath Historical Fencing Academy,-,-,-,-
384,Grand Valley State University HEMA Club,-,-,-,-
311,Great Plains Steel Historical Fencing,-,-,-,-
171,Grit-City Historical European Martial Arts,Grit-City HEMA,-,-,-
83,Grünberg Freifechter,-,-,-,-
1031,Guild of Knightly Arts,-,-,-,-
1032,Guild of the Silent Sword,-,-,-,-
751,Halfmoon Hema,-,-,-,-
1024,Harrisburg Longsword,-,-,-,-
725,Heartland HEMA Historical Fencing Club,-,-,-,-
735,HEMA Lexington,-,-,-,-
545,Herzstich Dueling Guild,-,-,-,-
1253,Hilt and Helm Pittsburgh Fencing Club,-,-,-,-
982,Historical Fencing of York,-,-,-,-
124,Historical Fighting Academy,-,-,-,-
1371,Historical Swordfighting Guild of UT Dallas,-,-,-,-
1405,HIVE Fencing Academy,-,-,-,-
397,House of Blades,Central Iowa Historical Fencing Guild,-,-,-
898,Indes Ferox Gladio,-,-,-,-
1129,Indianapolis Fencing Club,-,-,-,-
1365,Inland Northwest Longsword Academy,-,-,-,-
45,Iron Crown Kunst des Fechtens,Iron Crown KdF,-,-,-
176,Iron Gate Swordfighting,-,-,-,-
1147,Iron Key Longsword Club,-,-,-,-
431,Iron Triangle Eskrima,-,-,-,-
1088,Ironwood Historic Swordsmanship,-,-,-,-
1322,Italian Renaissance Swordsmanship Academy,-,-,-,-
96,Kansas City HEMA,-,-,-,-
599,Keystone Academy of Dueling and Swordsmanship,-,-,-,-
1331,Kingfisher Historical Fencing Club,-,-,-,-
120,Knight's Blade HEMA Association,Knight's Blade,-,-,-
187,Knoxville Academy of the Blade,-,-,-,-
922,Kraken Swords,-,-,-,-
89,Krieg School,-,-,-,-
90,Kron Martial Arts,Kron,-,-,-
906,Lafayette Historical Fencing Guild,-,-,-,-
894,Lake Charles HEMA Academy,-,-,-,-
1247,Lake Erie Historical Fencing,-,-,-,-
1278,Lake Forest Sword Academy,-,-,-,-
663,Lansing Longsword Guild,-,-,-,-
470,L'Arte D'Armizare Fiore Study Group,-,-,-,-
167,L'Arte Della Bellica,-,-,-,-
1034,L'Arte NYC Historical Fencing,-,-,-,-
1131,L'Arte NYC Lehigh Valley,-,-,-,-
464,Laurel City Historical Fencing,-,-,-,-
745,Liberty Sword Club,-,-,-,-
92,Long Island Historical Fencing Society,LIHFS,-,-,-
93,Lonin League,-,-,-,-
952,Los Angeles Historical Martial Arts Society,-,-,-,-
1332,Lost Arts Historic Fencing,-,-,-,-
314,Loyal Order of the Sword,-,-,-,-
1292,Martinez Academy of Arms,-,-,-,-
71,Maryland Kunst des Fechtens,Maryland KdF,-,-,-
155,Massachusetts Historical Swordsmanship,-,-,-,-
1525,Masterless Fencing,-,-,-,-
77,Medieval European Martial Arts Guild,MEMAG,-,-,-
1515,Crossing Fight School,-,-,-,-
1361,Medieval Martial Arts Academy,-,-,-,-
996,Medieval Military Arts Academy,-,-,-,-
620,Men At Arms Martial Arts,-,-,-,-
1167,Metropolitan Historical Fencing Academy,-,-,-,-
1451,Meyer's Combat Academy,-,-,-,-
159,Michigan Historical Art of Arms Fellowship,-,-,-,-
469,Michigan Medieval Combat Association,-,-,-,-
94,Mid-Atlantic Society for Historic Swordsmanship,MASHS,-,-,-
169,Mid-South Fencers Club,-,-,-,-
766,Minneapolis Amateur Swordfighting Association,-,-,-,-
307,Minneapolis HEMA Study Group,-,-,-,-
98,Minnesota Sword Guild,-,-,-,-
1189,Mobile Historical Fencing Club,-,-,-,-
1077,Montgomery County Historical Fencing,-,-,-,-
1437,Moose Historical Fencing,-,-,-,-
608,Mordhau Historical Combat,-,-,-,-
1402,Mountain Run Kunst des Fechtens,-,-,-,-
723,Musketeer Fencing Club,-,-,-,-
1190,Nachreisen Historical Fencing,-,-,-,-
1312,Napa-Solano Historical Fencing Guild,-,-,-,-
808,Nashville School of Historical Fencing,-,-,-,-
724,Nebraska Swordfighters Guild,-,-,-,-
886,New Braunfels Historical Fencing Club,-,-,-,-
75,New Hampshire Kunst des Fechtens,New Hampshire KdF,-,-,-
1461,New Haven Historical Fencing,-,-,-,-
100,New Jersey Historical Fencing Association,NJHFA,-,-,-
1409,New Jersey Kloppfechters,-,-,-,-
43,New York Historical Fencing Association,NYHFA,-,-,-
1001,Hudson Valley Fencing,CSLG GAP,-,-,-
769,Nickel City Longsword Academy,-,-,-,-
164,Noble Science Academy,-,-,-,-
1444,Noble Science Academy - New Hampshire,-,-,-,-
359,Northwest Armizare,-,-,-,-
158,Northwest Fencing Academy,-,-,-,-
1415,Norwich Society of Historical Swordsmanship and Fencing,NSHS,-,-,-
360,Ochs America,-,-,-,-
597,Old Line Historical Swordsmanship,-,-,-,-
305,Omaha Kunst des Fechtens,-,-,-,-
878,Omaha-Metro Armed Combat Academy,-,-,-,-
161,Order of the Marshal,-,-,-,-
1245,Order of the Talon,-,-,-,-
116,Ordo Procinctus,-,-,-,-
1305,Palm Beach Sword School,-,-,-,-
312,Pennsylvania Klopffechters,-,-,-,-
1462,Per La Vita Academy of Western Martial Arts,-,-,-,-
387,Philadelphia Common Fencers Guild,-,-,-,-
151,Phoenix Society of Historical Swordsmanship,-,-,-,-
535,Pioneer Valley Fencing Academy,-,-,-,-
1314,Pittsburgh Fighters Guild,-,-,-,-
654,Queen City Sword Guild,-,-,-,-
1413,Ram's Head Fencing,-,-,-,-
1428,Red River Fencing,-,-,-,-
103,Redlands Fencing Center,-,-,-,-
483,Resurgam HEMA,-,-,-,-
598,Rhode Island Fencing Academy & Club,RIFAC,-,-,-
166,Richmond Kunst Des Fechtens,Richmond KdF,-,-,-
318,Ritterkunst Fechtschule,-,-,-,-
763,River Falls Meyer Freifechter Guild,-,-,-,-
1412,River Heron HEMA,-,-,-,-
807,Rocket City HEMA,-,-,-,-
396,Rocky Mountain Swordplay Guild,-,-,-,-
388,Rogue Fencing,-,-,-,-
1408,Round Table Historical Fencing,-,-,-,-
383,Royal Arts Fencing Academy,-,-,-,-
382,Sacramento Historical Fencing Academy,-,-,-,-
181,Sacramento Sword School,-,-,-,-
177,Sacto HEMA,-,-,-,-
1310,Sala Della Spada,-,-,-,-
1373,Salida Historical Fencing Academy,-,-,-,-
741,Salle Saint-Georges,-,-,-,-
740,San Diego Renaissance Sword Arts,-,-,-,-
1430,San Diego Sword School,-,-,-,-
1250,San Diego Swordfighters,-,-,-,-
1146,San Luis Valley Swordguild,-,-,-,-
1313,Santa Cruz Historical Combat Club,-,-,-,-
178,Schola San Marco,-,-,-,-
607,Scholars of Alcala,-,-,-,-
188,School of Fencing,-,-,-,-
617,Scots-Irish Warrior Arts,-,-,-,-
1416,Scuffletown Federfechters,-,-,-,-
274,Second Intent Fencing,-,-,-,-
106,Selohaar Fechtschule,-,-,-,-
107,Seven Swords Academy,-,-,-,-
923,Shippensburg University Fencing Club,-,-,-,-
1226,SoCal Swords,-,-,-,-
1246,Society of Historical Fencing,-,-,-,-
433,South Coast Swords,-,-,-,-
1218,Springfield Historical Fencing Club,-,-,-,-
782,Springfield Historical Fencing Guild,-,-,-,-
1064,St Louis School of Arms,-,-,-,-
1279,St. Louis Broadsword Academy,-,-,-,-
1485,St. Paul Freifechter,-,-,-,-
479,Steel City Historical Fencing,-,-,-,-
1298,Steel Ring Academy,-,-,-,-
1236,Steelhead Western Martial Arts,-,-,-,-
738,Stirling Mercenaries,-,-,-,-
888,Storm of Steel Fencing,-,-,-,-
921,Summit Historical Fencing,-,-,-,-
163,Sword Carolina,-,-,-,-
616,Sword Circle-LLC,-,-,-,-
195,Sword in the Scroll,-,-,-,-
1414,Sword Inquisition,-,-,-,-
108,Sword to Sword,-,-,-,-
173,Swordguild Portland,-,-,-,-
160,Swords of Chivalry,-,-,-,-
1282,Swordsmanship Museum and Academy,-,-,-,-
109,Swordwind Historical Swordsmanship,-,-,-,-
105,"Système d’Armes, New Orleans",SDA NOLA,-,-,-
1217,Tampa Bay Military Saber Club,-,-,-,-
185,Tattershall School of Defense,-,-,-,-
1321,Tempered Mettle Historical Fencing,-,-,-,-
643,Texas Armizare,-,-,-,-
783,The Evangelista School of Fencing,-,-,-,-
303,The Guild Academy,-,-,-,-
463,The HEMA Club at VCU,-,-,-,-
1330,The Hilt and Cross,-,-,-,-
743,The Richmond Dueling Society,-,-,-,-
1216,Tidewater Renaissance Fighting Arts,TRFA,-,-,-
183,Tosetti Institute of MMA and Fitness,-,-,-,-
316,Treasure Coast Fencing Club,-,-,-,-
69,Triangle Sword Guild,-,-,-,-
308,Tri-Blade Fencing Academy,-,-,-,-
357,Tri-State Historical Fencing Club,-,-,-,-
156,True Edge Academy of Swordsmanship,-,-,-,-
1359,Tuathair Academy of Swordsmanship,-,-,-,-
1345,Tuathair Hema Academy,-,-,-,-
252,Tucson Historic Fencing Club,-,-,-,-
1286,Turul HEMA,-,-,-,-
1018,Two Ravens Fencing School,-,-,-,-
174,United Clans Swordsman Association,UCSA,-,-,-
1443,University of Vermont Historical Fencing Club,-,-,-,-
315,University of West Florida Fencing,UWF Fencing,-,-,-
1257,Valiant: School Of Arms,-,-,-,-
1396,Valley's heart HEMA,-,-,-,-
892,Via Della Spada,-,-,-,-
887,Vier Blossen Historical Fencing,-,-,-,-
1530,Vinas Arnis,-,-,-,-
34,Virginia Academy of Fencing,VAF,-,-,-
309,War Sword Historical Fencing,-,-,-,-
189,Warriors of Ash,-,-,-,-
1404,Western Circle of Swordfighters,-,-,-,-
113,Western Swordsmanship Technique and Research,WSTR,-,-,-
762,Wichita Fencing & HEMA Academy,Wichita Fencing Academy,-,-,-
46,Wisconsin Historical Fencing Association,WHFA,-,-,-
1130,Youngstown Historical Fencing,-,-,-,-
1150,Zufechten Fencing Club,-,-,-,-
1209,Quimera Esgrima Histórica,-,-,-,-
1208,SMCD HEMA Uruguay,-,-,-,-
1490,Phoenix,-,-,-,-
129,Medieval Armed Combat Society,MACS,-,-,-
